,qt_altura_material,qt_altura_material,qt_altura_material,qt_altura_material,diametro_material,diametro_material,diametro_material,diametro_material,qt_comprimento_material,qt_comprimento_material,qt_comprimento_material,qt_comprimento_material,qt_peso_bruto,qt_peso_bruto,qt_peso_bruto,qt_peso_bruto
,mean,std,min,max,mean,std,min,max,mean,std,min,max,mean,std,min,max
hierar_k65_comp,,,,,,,,,,,,,,,,
0,177.8369905956113,3.6166645701694335,162.0,188.0,50.0,0.0,50.0,50.0,49.1692789968652,2.1197327870707263,41.0,57.0,223.13710031347964,11.377280856238427,176.0,319.244
1,54.452,12.11423386856231,46.84,77.52,50.0,0.0,50.0,50.0,181.7,5.6969777562805675,172.0,193.0,223.1085,4.382209012967472,219.0,231.18
2,152.73684210526315,10.388053433407938,128.0,170.0,50.0,0.0,50.0,50.0,76.6140350877193,3.17779340538655,68.0,80.0,187.68312280701755,20.96252491272919,165.69,228.0
3,127.42857142857143,17.46288581398793,105.0,153.0,50.0,0.0,50.0,50.0,53.857142857142854,11.582005747833884,47.0,80.0,114.91799999999999,23.232060634677538,91.89,145.496
4,151.0873786407767,7.227204590874873,139.0,170.0,39.99029126213592,0.09853292781643005,39.0,40.0,61.20388349514563,1.7621245159814771,60.0,72.0,122.19043689320388,6.005831258966118,109.6,142.705
5,206.9189189189189,5.149856407806057,200.0,223.0,50.0,0.0,50.0,50.0,77.4054054054054,1.978487911111517,70.0,80.0,247.37335135135135,32.53446747700062,208.666,302.26
6,123.3,7.091446086302618,105.0,140.0,39.875,0.7855498759435553,35.0,40.0,38.5,2.470074052085242,29.0,42.0,87.9606625,12.578932247197644,62.16,132.0
7,106.57142857142857,11.555049275665864,77.0,122.0,20.904761904761905,3.0187182210377896,19.0,30.0,25.166666666666668,1.4127756224360588,19.0,27.0,25.537642857142856,7.578227181260891,15.0,38.9
8,132.5,10.350983390135315,110.0,140.0,31.125,4.257346591481601,25.0,35.0,31.875,3.720119045714224,25.0,35.0,66.150125,18.1094785476517,35.0,82.0
9,151.7,6.147266781984406,145.0,166.0,50.0,0.0,50.0,50.0,58.3,14.087425440993666,47.0,79.0,163.0078,14.318143996730551,142.4,176.652
10,37.375,10.154512811296396,18.0,57.0,31.491666666666664,6.35417813018686,19.0,35.0,118.29166666666667,11.929062671974027,100.0,155.0,56.171166666666664,15.784248239708901,22.95,93.1
11,168.77777777777777,6.752390039225374,160.0,178.0,33.611111111111114,2.304442994812384,30.0,35.0,52.05555555555556,4.582219115902661,45.0,57.0,102.07588888888888,17.56966117015314,73.57,117.0
12,102.04166666666667,19.58144455893111,40.0,120.0,39.791666666666664,1.0206207261596574,35.0,40.0,59.979166666666664,1.7224803063597285,55.0,62.0,69.50858333333333,15.026712602726107,61.0,128.24
13,127.09756097560975,6.6211965612296275,114.0,146.0,29.4390243902439,2.2477631157197693,19.0,35.0,29.609756097560975,1.5949615791687224,26.0,33.0,59.84409756097561,4.5955649261264835,55.4,81.75
14,132.66666666666666,6.65331997326648,120.0,140.0,40.0,0.0,40.0,40.0,39.833333333333336,0.4082482904638636,39.0,40.0,92.88833333333334,10.541291034150737,76.0,109.33
15,140.8,10.04516118128001,127.0,152.0,21.75,2.510504247944499,19.0,25.0,31.1,2.4687520819444924,28.0,36.0,41.2613,9.163838549314077,26.17,56.0
16,187.0,13.281566172707192,160.0,193.0,44.166666666666664,2.0412414523193148,40.0,45.0,45.5,0.5477225575051654,45.0,46.0,192.15333333333334,50.11352299196962,151.0,287.49
17,111.36842105263158,8.419478871436871,97.0,129.0,28.36842105263158,3.174399731565171,19.0,35.0,37.078947368421055,2.4646865811094507,35.0,43.0,41.43247368421053,9.196082343708202,12.0,61.31
18,183.76470588235293,8.027526173771614,175.0,200.0,50.0,0.0,50.0,50.0,48.705882352941174,2.114376559483697,45.0,50.0,231.6194117647059,12.639968329958467,225.0,279.6
19,147.35,9.831608531455538,131.0,160.0,23.15,3.1668513334889985,19.0,30.0,40.35,3.5876249290552855,33.0,45.0,47.39065,9.899508835636354,31.0,57.4
20,128.30769230769232,7.950018691977848,110.0,153.0,33.12820512820513,2.5449668911120393,28.0,35.0,44.6025641025641,2.529512778863726,38.0,51.0,61.68184615384616,6.043694146551673,50.0,93.0
21,163.0,7.348469228349534,156.0,180.0,25.625,1.7677669529663689,25.0,30.0,24.625,0.7440238091428447,23.0,25.0,59.832750000000004,7.002898007253855,56.0,77.0
22,179.1255605381166,4.583796522835635,170.0,195.0,50.0,0.0,50.0,50.0,77.33183856502242,2.6942079567772597,64.0,80.0,225.05573542600897,9.420486610055015,172.0,268.33
23,129.69230769230768,6.34277299221478,118.0,139.0,40.0,0.0,40.0,40.0,48.0,3.391164991562635,45.0,54.0,95.1336153846154,12.187643999412286,71.878,112.7
24,135.16666666666666,13.272779161376363,120.0,151.0,40.0,0.0,40.0,40.0,62.166666666666664,1.9407902170679516,60.0,65.0,105.34833333333334,16.81932509545691,89.0,126.58
25,165.45454545454547,9.58544113842351,145.0,188.0,39.84848484848485,0.8703882797784881,35.0,40.0,53.84848484848485,3.7510099650061925,45.0,62.0,138.6489393939394,17.24860459200141,114.54,176.36
26,168.125,14.836610124957781,155.0,186.0,50.0,0.0,50.0,50.0,37.875,2.4748737341529172,35.0,40.0,224.148375,16.37907202968384,191.0,246.31
27,131.33333333333334,18.036999011291574,114.0,150.0,36.666666666666664,2.88675134594813,35.0,40.0,131.0,18.520259177452136,113.0,150.0,80.304,31.516700144526556,61.23,116.682
28,187.46153846153845,5.516873882544121,175.0,191.0,50.0,0.0,50.0,50.0,49.53846153846154,1.126601424298215,47.0,50.0,220.9223846153846,2.6986954113195014,217.176,226.0
29,182.7058823529412,4.971980313244823,170.0,189.0,50.0,0.0,50.0,50.0,50.11764705882353,1.4526851405748806,47.0,55.0,205.97117647058826,26.926402573114217,173.6,274.0
30,198.49295774647888,3.760217468774225,188.0,210.0,50.0,0.0,50.0,50.0,50.0,1.3309502512973843,45.0,55.0,228.30387323943663,12.61094248990543,181.26,276.066
31,172.8815789473684,10.216533584319693,162.0,192.0,39.473684210526315,1.57650883821153,35.0,40.0,42.10526315789474,2.131633094395657,39.0,45.0,142.46005263157895,13.07359503593953,119.0,169.0
32,144.27272727272728,14.880127076681221,120.0,167.0,39.09090909090909,2.0225995873897253,35.0,40.0,38.63636363636363,2.3354968324845684,35.0,40.0,109.04818181818182,15.106336298508532,70.4,118.0
33,202.39743589743588,4.396987586234444,190.0,210.0,50.0,0.0,50.0,50.0,49.67948717948718,1.8339765166080688,45.0,60.0,268.4381923076923,16.938742652595234,224.0,286.36
34,103.83783783783784,6.313625096714397,90.0,120.0,27.972972972972972,3.9825067935108867,19.0,30.0,30.10810810810811,0.7372540563086406,28.0,33.0,36.64113513513514,5.615710433745287,22.8,46.0
35,139.52631578947367,4.548458854561162,130.0,152.0,33.810526315789474,2.15152861732784,30.0,35.0,34.973684210526315,0.5921487260798675,33.0,36.0,77.29855263157894,9.241599278635967,56.77,89.0
36,117.93684210526315,5.843364169314593,105.0,130.0,34.974736842105266,0.066793459121466,34.8,35.0,55.83157894736842,2.4479806336102445,48.0,60.0,58.19804210526316,6.413828530896364,47.0,71.0
37,211.6226923076923,4.278666668664251,200.0,220.0,50.0,0.0,50.0,50.0,49.74269230769231,2.1366769670538543,45.0,55.0,279.8496923076923,4.29791022492775,274.0,291.83
38,166.80769230769232,6.511646371044607,149.0,184.0,35.19230769230769,0.9805806756909196,35.0,40.0,33.88461538461539,2.250811819356262,30.0,40.0,112.71415384615385,5.793124315547233,92.0,128.0
39,98.69565217391305,13.27141419678433,45.0,115.0,30.130434782608695,1.140348743550409,28.0,35.0,46.65217391304348,0.6472807211834835,45.0,47.0,41.11217391304348,8.378400235953999,12.04,50.0
40,178.57142857142858,8.223080178318078,164.0,184.0,35.0,0.0,35.0,35.0,34.285714285714285,1.8898223650461368,30.0,35.0,123.4557142857143,5.7548580554254585,113.7,128.0
41,196.2051282051282,5.666984193691737,182.0,205.0,50.0,0.0,50.0,50.0,78.28205128205128,1.1909465043604242,75.0,80.0,224.00833333333335,7.002738360374434,206.0,235.74
42,66.21315789473684,14.210020350533387,47.14,77.6,50.0,0.0,50.0,50.0,197.61052631578946,14.51029882289901,170.0,215.0,257.8894736842105,33.15885828916514,172.0,287.0
43,177.0,6.279217421667406,165.0,186.0,50.0,0.0,50.0,50.0,78.5,1.4142135623730945,76.0,80.0,216.7385,17.93300518995234,172.53,225.0
44,112.70454545454545,3.9917330004301452,96.0,120.0,34.99545454545454,0.030151134457776948,34.8,35.0,34.81818181818182,0.9218971156017096,30.0,36.0,61.19602272727273,4.571405414594918,49.1,82.0
45,169.6,18.338484124921557,148.0,191.0,50.0,0.0,50.0,50.0,48.0,2.7386127875258306,45.0,50.0,199.47060000000002,25.183570165883943,171.9,222.403
46,127.1413043478261,7.133856010369443,118.0,150.0,40.0,0.0,40.0,40.0,61.29347826086956,1.7449332836407756,56.0,65.0,92.06768478260871,3.5869901917638223,88.38,114.5
47,211.72727272727272,1.7939291563999444,210.0,215.0,50.0,0.0,50.0,50.0,79.72727272727273,0.9045340337332901,77.0,80.0,272.6698181818182,18.08605406283073,220.3,287.54
48,151.09615384615384,3.6742859270757013,145.0,160.0,50.0,0.0,50.0,50.0,49.46153846153846,1.5270314462077694,45.0,52.0,172.0900769230769,6.25289412787062,139.26,182.043
49,184.9375,5.638779418751296,174.0,191.0,50.0,0.0,50.0,50.0,49.625,2.125245083906011,45.0,55.0,220.306375,5.176739834747995,205.78,228.0
50,210.8235294117647,2.9205156676015065,200.0,212.0,50.0,0.0,50.0,50.0,50.0,0.0,50.0,50.0,280.5779411764706,4.662955346003599,273.0,290.0
51,55.2,12.497999839974396,45.0,77.0,50.0,0.0,50.0,50.0,64.8,9.093954035511725,50.0,75.0,245.138,18.006921447043634,224.0,258.4
52,224.41666666666666,9.958626533023644,215.0,245.0,50.0,0.0,50.0,50.0,51.583333333333336,3.8484550225520455,50.0,62.0,287.3860833333333,35.117929594331486,224.883,320.0
53,39.513999999999996,9.4796017262799,30.0,63.0,38.5,2.4152294576982394,35.0,40.0,144.087,17.161847899726105,130.0,170.0,102.53299999999999,8.63758460321968,92.0,112.0
54,147.40975609756097,4.543768212552971,135.0,159.0,39.98780487804878,0.11043152607484791,39.0,40.0,39.390243902439025,1.283860858975487,35.0,42.0,116.10164634146341,8.57636242694534,90.9,141.0
55,167.55,7.4061750297591935,160.0,185.0,40.0,0.0,40.0,40.0,39.875,0.3535533905932745,39.0,40.0,123.0695,8.869760618448025,116.0,137.596
56,192.5,14.433756729740638,180.0,205.0,50.0,0.0,50.0,50.0,78.0,0.0,78.0,78.0,250.0,28.867513459481295,225.0,275.0
57,129.125,6.356942211921888,120.0,135.0,39.375,1.7677669529663689,35.0,40.0,59.75,2.1876275473019358,55.0,63.0,82.85875,8.709447149093744,71.4,93.0
58,156.0,0.0,156.0,156.0,50.0,0.0,50.0,50.0,78.0,0.0,78.0,78.0,176.16879999999998,1.8780381252786136,174.2,178.42
59,139.6315789473684,4.540633677836338,125.0,148.0,35.0,0.0,35.0,35.0,54.473684210526315,1.5375804458016238,50.0,57.0,84.24973684210526,6.439305673013035,64.67,98.0
60,105.33333333333333,4.725815626252609,100.0,109.0,28.333333333333332,2.886751345948128,25.0,30.0,46.333333333333336,7.023769168568493,39.0,53.0,39.461999999999996,4.379992237436044,36.0,44.386
61,69.55250000000001,14.753479533090943,47.43,77.46,50.0,0.0,50.0,50.0,20.25,1.2069244660154446,18.6,21.5,263.5,29.149042294158946,220.0,281.0
62,113.5,5.540758070878027,105.0,120.0,22.333333333333332,4.457203906785807,19.0,30.0,64.41666666666667,10.160790651650425,53.0,77.0,66.62833333333333,22.146440270767368,26.0,87.0
63,201.33333333333334,14.153915830374762,185.0,210.0,50.0,0.0,50.0,50.0,19.0,0.0,19.0,19.0,254.33333333333334,30.599564267050166,219.0,272.0
64,172.13333333333333,11.142860195359784,165.7,185.0,40.0,0.0,40.0,40.0,62.333333333333336,2.516611478423584,60.0,65.0,124.11866666666667,11.758308778618357,116.386,137.65
